template_code,dish_name,source_page,author,license,license_url,download_url,local_file_name
"DISH_001","红烧肉","https://commons.wikimedia.org/wiki/File%3A%E7%B4%85%E7%87%92%E8%82%89_Braised_pork_in_brown_sauce.jpg","FotoosVanRobin Photostream","CC BY 2.0","https://creativecommons.org/licenses/by/2.0","https://upload.wikimedia.org/wikipedia/commons/f/f4/%E7%B4%85%E7%87%92%E8%82%89_Braised_pork_in_brown_sauce.jpg","dish-001.jpg"
"DISH_002","糖醋排骨","https://commons.wikimedia.org/wiki/File%3AFlickr_-_Sweet_and_Sour_Pork.jpg","Alpha from Melbourne, Australia","CC BY-SA 2.0","https://creativecommons.org/licenses/by-sa/2.0","https://upload.wikimedia.org/wikipedia/commons/thumb/4/45/Flickr_-_Sweet_and_Sour_Pork.jpg/960px-Flickr_-_Sweet_and_Sour_Pork.jpg","dish-002.jpg"
"DISH_003","土豆烧牛腩","https://commons.wikimedia.org/wiki/File%3ADish_of_stewed_pork%2C_Romanesco_and_broccoli%2C_and_steamed_egg%2C_Singapore_-_20150129.jpg","Smuconlaw.","CC BY-SA 4.0","https://creativecommons.org/licenses/by-sa/4.0","https://upload.wikimedia.org/wikipedia/commons/thumb/2/2e/Dish_of_stewed_pork%2C_Romanesco_and_broccoli%2C_and_steamed_egg%2C_Singapore_-_20150129.jpg/960px-Dish_of_stewed_pork%2C_Romanesco_and_broccoli%2C_and_steamed_egg%2C_Singapore_-_20150129.jpg","dish-003.jpg"
"DISH_004","番茄炒蛋","https://commons.wikimedia.org/wiki/File%3APip%C3%A9rade.jpg","FotoosVanRobin","CC BY-SA 2.0","https://creativecommons.org/licenses/by-sa/2.0","https://upload.wikimedia.org/wikipedia/commons/2/23/Pip%C3%A9rade.jpg","dish-004.jpg"
"DISH_005","青椒肉丝","https://commons.wikimedia.org/wiki/File%3APepper_steak.jpg","Bakkai撮影","CC BY-SA 3.0","http://creativecommons.org/licenses/by-sa/3.0/","https://upload.wikimedia.org/wikipedia/commons/9/9d/Pepper_steak.jpg","dish-005.jpg"
"DISH_006","鱼香肉丝","https://commons.wikimedia.org/wiki/File%3AFish_flavoured_sliced_pork_from_Melbourne.jpg","avlxyz on flickr","CC BY-SA 2.0","https://creativecommons.org/licenses/by-sa/2.0","https://upload.wikimedia.org/wikipedia/commons/thumb/3/31/Fish_flavoured_sliced_pork_from_Melbourne.jpg/960px-Fish_flavoured_sliced_pork_from_Melbourne.jpg","dish-006.jpg"
"DISH_007","宫保鸡丁","https://commons.wikimedia.org/wiki/File%3AKung_Pao_chicken_(western_version)_-1.jpg","Alexander Marks (aomarks)","Public domain","","https://upload.wikimedia.org/wikipedia/commons/thumb/a/a7/Kung_Pao_chicken_%28western_version%29_-1.jpg/960px-Kung_Pao_chicken_%28western_version%29_-1.jpg","dish-007.jpg"
"DISH_008","麻婆豆腐","https://commons.wikimedia.org/wiki/File%3AMapo_doufu_by_kina3.jpg","kina3","CC BY 2.0","https://creativecommons.org/licenses/by/2.0","https://upload.wikimedia.org/wikipedia/commons/thumb/9/99/Mapo_doufu_by_kina3.jpg/960px-Mapo_doufu_by_kina3.jpg","dish-008.jpg"
"DISH_009","回锅肉","https://commons.wikimedia.org/wiki/File%3ATwice_cooked_pork_and_rice%2C_Canard_Dor%C3%A9%2C_Paris_003.jpg","Guilhem Vellut from Paris, France","CC BY 2.0","https://creativecommons.org/licenses/by/2.0","https://upload.wikimedia.org/wikipedia/commons/thumb/3/34/Twice_cooked_pork_and_rice%2C_Canard_Dor%C3%A9%2C_Paris_003.jpg/960px-Twice_cooked_pork_and_rice%2C_Canard_Dor%C3%A9%2C_Paris_003.jpg","dish-009.jpg"
"DISH_010","木须肉","https://commons.wikimedia.org/wiki/File%3AMoo_Shu_Pork_Burritos.jpg","Mark Mitchell from Toledo, Ohio, United States of America","CC BY 2.0","https://creativecommons.org/licenses/by/2.0","https://upload.wikimedia.org/wikipedia/commons/thumb/a/a2/Moo_Shu_Pork_Burritos.jpg/960px-Moo_Shu_Pork_Burritos.jpg","dish-010.jpg"
"DISH_011","京酱肉丝","https://commons.wikimedia.org/wiki/File%3AJing_Jiang_Rou_Si_01.jpg","gigijin","CC BY-SA 2.0","https://creativecommons.org/licenses/by-sa/2.0","https://upload.wikimedia.org/wikipedia/commons/thumb/5/58/Jing_Jiang_Rou_Si_01.jpg/960px-Jing_Jiang_Rou_Si_01.jpg","dish-011.jpg"
"DISH_012","尖椒炒肉","https://commons.wikimedia.org/wiki/File%3ADish_of_stewed_pork%2C_Romanesco_and_broccoli%2C_and_steamed_egg%2C_Singapore_-_20150129.jpg","Smuconlaw.","CC BY-SA 4.0","https://creativecommons.org/licenses/by-sa/4.0","https://upload.wikimedia.org/wikipedia/commons/thumb/2/2e/Dish_of_stewed_pork%2C_Romanesco_and_broccoli%2C_and_steamed_egg%2C_Singapore_-_20150129.jpg/960px-Dish_of_stewed_pork%2C_Romanesco_and_broccoli%2C_and_steamed_egg%2C_Singapore_-_20150129.jpg","dish-012.jpg"
"DISH_013","蒜薹炒肉","https://commons.wikimedia.org/wiki/File%3ADish_of_stewed_pork%2C_Romanesco_and_broccoli%2C_and_steamed_egg%2C_Singapore_-_20150129.jpg","Smuconlaw.","CC BY-SA 4.0","https://creativecommons.org/licenses/by-sa/4.0","https://upload.wikimedia.org/wikipedia/commons/thumb/2/2e/Dish_of_stewed_pork%2C_Romanesco_and_broccoli%2C_and_steamed_egg%2C_Singapore_-_20150129.jpg/960px-Dish_of_stewed_pork%2C_Romanesco_and_broccoli%2C_and_steamed_egg%2C_Singapore_-_20150129.jpg","dish-013.jpg"
"DISH_014","芹菜炒肉","https://commons.wikimedia.org/wiki/File%3A2%E6%9C%885%E6%97%A5_%E8%A3%9C%E7%9A%84%E5%B9%B4%E5%A4%9C%E9%A3%AF.jpg","Singzy","CC BY 2.0","https://creativecommons.org/licenses/by/2.0","https://upload.wikimedia.org/wikipedia/commons/thumb/d/db/2%E6%9C%885%E6%97%A5_%E8%A3%9C%E7%9A%84%E5%B9%B4%E5%A4%9C%E9%A3%AF.jpg/960px-2%E6%9C%885%E6%97%A5_%E8%A3%9C%E7%9A%84%E5%B9%B4%E5%A4%9C%E9%A3%AF.jpg","dish-014.jpg"
"DISH_015","洋葱炒肉","https://commons.wikimedia.org/wiki/File%3ADish_of_stewed_pork%2C_Romanesco_and_broccoli%2C_and_steamed_egg%2C_Singapore_-_20150129.jpg","Smuconlaw.","CC BY-SA 4.0","https://creativecommons.org/licenses/by-sa/4.0","https://upload.wikimedia.org/wikipedia/commons/thumb/2/2e/Dish_of_stewed_pork%2C_Romanesco_and_broccoli%2C_and_steamed_egg%2C_Singapore_-_20150129.jpg/960px-Dish_of_stewed_pork%2C_Romanesco_and_broccoli%2C_and_steamed_egg%2C_Singapore_-_20150129.jpg","dish-015.jpg"
"DISH_016","莴笋炒肉","https://commons.wikimedia.org/wiki/File%3ADish_of_stewed_pork%2C_Romanesco_and_broccoli%2C_and_steamed_egg%2C_Singapore_-_20150129.jpg","Smuconlaw.","CC BY-SA 4.0","https://creativecommons.org/licenses/by-sa/4.0","https://upload.wikimedia.org/wikipedia/commons/thumb/2/2e/Dish_of_stewed_pork%2C_Romanesco_and_broccoli%2C_and_steamed_egg%2C_Singapore_-_20150129.jpg/960px-Dish_of_stewed_pork%2C_Romanesco_and_broccoli%2C_and_steamed_egg%2C_Singapore_-_20150129.jpg","dish-016.jpg"
"DISH_017","白菜炒肉","https://commons.wikimedia.org/wiki/File%3AFood_%E8%B1%AC%E8%A1%80%E6%B9%AF%2C_%E9%AD%AF%E7%99%BD%E8%8F%9C%2C_%E9%AD%AF%E8%B1%86%E7%9A%AE%2C_%E9%AD%AF%E8%9B%8B%2C_%E8%85%BF%E5%BA%AB%E8%82%89%2C_%E9%AD%AF%E8%82%89%E9%A3%AF%2C_%E6%96%B0%E7%AB%B9%E7%82%92%E7%B1%B3%E7%B2%89%2C_%E5%A4%A7%E8%85%B8%E5%88%87%E7%9B%A4%2C_%E5%A4%A7%E9%BC%8E%E8%B1%AC%E8%A1%80%E6%B9%AF%2C_%E5%8F%B0%E5%8C%97_(13899976038).jpg","bryan... from Taipei, Taiwan","CC BY-SA 2.0","https://creativecommons.org/licenses/by-sa/2.0","https://upload.wikimedia.org/wikipedia/commons/thumb/a/a1/Food_%E8%B1%AC%E8%A1%80%E6%B9%AF%2C_%E9%AD%AF%E7%99%BD%E8%8F%9C%2C_%E9%AD%AF%E8%B1%86%E7%9A%AE%2C_%E9%AD%AF%E8%9B%8B%2C_%E8%85%BF%E5%BA%AB%E8%82%89%2C_%E9%AD%AF%E8%82%89%E9%A3%AF%2C_%E6%96%B0%E7%AB%B9%E7%82%92%E7%B1%B3%E7%B2%89%2C_%E5%A4%A7%E8%85%B8%E5%88%87%E7%9B%A4%2C_%E5%A4%A7%E9%BC%8E%E8%B1%AC%E8%A1%80%E6%B9%AF%2C_%E5%8F%B0%E5%8C%97_%2813899976038%29.jpg/960px-Food_%E8%B1%AC%E8%A1%80%E6%B9%AF%2C_%E9%AD%AF%E7%99%BD%E8%8F%9C%2C_%E9%AD%AF%E8%B1%86%E7%9A%AE%2C_%E9%AD%AF%E8%9B%8B%2C_%E8%85%BF%E5%BA%AB%E8%82%89%2C_%E9%AD%AF%E8%82%89%E9%A3%AF%2C_%E6%96%B0%E7%AB%B9%E7%82%92%E7%B1%B3%E7%B2%89%2C_%E5%A4%A7%E8%85%B8%E5%88%87%E7%9B%A4%2C_%E5%A4%A7%E9%BC%8E%E8%B1%AC%E8%A1%80%E6%B9%AF%2C_%E5%8F%B0%E5%8C%97_%2813899976038%29.jpg","dish-017.jpg"
"DISH_018","香菇炒鸡","https://commons.wikimedia.org/wiki/File%3ADish_of_stewed_pork%2C_Romanesco_and_broccoli%2C_and_steamed_egg%2C_Singapore_-_20150129.jpg","Smuconlaw.","CC BY-SA 4.0","https://creativecommons.org/licenses/by-sa/4.0","https://upload.wikimedia.org/wikipedia/commons/thumb/2/2e/Dish_of_stewed_pork%2C_Romanesco_and_broccoli%2C_and_steamed_egg%2C_Singapore_-_20150129.jpg/960px-Dish_of_stewed_pork%2C_Romanesco_and_broccoli%2C_and_steamed_egg%2C_Singapore_-_20150129.jpg","dish-018.jpg"
"DISH_019","黄焖鸡","https://commons.wikimedia.org/wiki/File%3ABraised_chicken.jpg","ZZArch","CC BY-SA 3.0","https://creativecommons.org/licenses/by-sa/3.0","https://upload.wikimedia.org/wikipedia/commons/thumb/0/05/Braised_chicken.jpg/960px-Braised_chicken.jpg","dish-019.jpg"
"DISH_020","可乐鸡翅","https://commons.wikimedia.org/wiki/File%3A%E5%8F%AF%E4%B9%90%E9%B8%A1%E7%BF%85.jpg","Wuzhiya","CC BY-SA 4.0","https://creativecommons.org/licenses/by-sa/4.0","https://upload.wikimedia.org/wikipedia/commons/4/43/%E5%8F%AF%E4%B9%90%E9%B8%A1%E7%BF%85.jpg","dish-020.jpg"
"DISH_021","红烧鸡翅","https://commons.wikimedia.org/wiki/File%3ADish_of_stewed_pork%2C_Romanesco_and_broccoli%2C_and_steamed_egg%2C_Singapore_-_20150129.jpg","Smuconlaw.","CC BY-SA 4.0","https://creativecommons.org/licenses/by-sa/4.0","https://upload.wikimedia.org/wikipedia/commons/thumb/2/2e/Dish_of_stewed_pork%2C_Romanesco_and_broccoli%2C_and_steamed_egg%2C_Singapore_-_20150129.jpg/960px-Dish_of_stewed_pork%2C_Romanesco_and_broccoli%2C_and_steamed_egg%2C_Singapore_-_20150129.jpg","dish-021.jpg"
"DISH_022","辣子鸡","https://commons.wikimedia.org/wiki/File%3ALa_Zi_Ji_(Chicken_with_Chiles)_(2269517013).jpg","FotoosVanRobin from Netherlands","CC BY-SA 2.0","https://creativecommons.org/licenses/by-sa/2.0","https://upload.wikimedia.org/wikipedia/commons/thumb/6/63/La_Zi_Ji_%28Chicken_with_Chiles%29_%282269517013%29.jpg/960px-La_Zi_Ji_%28Chicken_with_Chiles%29_%282269517013%29.jpg","dish-022.jpg"
"DISH_023","三杯鸡","https://commons.wikimedia.org/wiki/File%3ARed_Columns_sanbeiji.jpg","sanbeiji","CC BY-SA 2.0","https://creativecommons.org/licenses/by-sa/2.0","https://upload.wikimedia.org/wikipedia/commons/thumb/0/06/Red_Columns_sanbeiji.jpg/960px-Red_Columns_sanbeiji.jpg","dish-023.jpg"
"DISH_024","葱油鸡","https://commons.wikimedia.org/wiki/File%3ADish_of_stewed_pork%2C_Romanesco_and_broccoli%2C_and_steamed_egg%2C_Singapore_-_20150129.jpg","Smuconlaw.","CC BY-SA 4.0","https://creativecommons.org/licenses/by-sa/4.0","https://upload.wikimedia.org/wikipedia/commons/thumb/2/2e/Dish_of_stewed_pork%2C_Romanesco_and_broccoli%2C_and_steamed_egg%2C_Singapore_-_20150129.jpg/960px-Dish_of_stewed_pork%2C_Romanesco_and_broccoli%2C_and_steamed_egg%2C_Singapore_-_20150129.jpg","dish-024.jpg"
"DISH_025","白切鸡","https://commons.wikimedia.org/wiki/File%3ABeiQieJi-WhiteCutChicken.jpg","Sjschen","CC BY-SA 3.0","https://creativecommons.org/licenses/by-sa/3.0","https://upload.wikimedia.org/wikipedia/commons/thumb/a/ae/BeiQieJi-WhiteCutChicken.jpg/960px-BeiQieJi-WhiteCutChicken.jpg","dish-025.jpg"
"DISH_026","红烧排骨","https://commons.wikimedia.org/wiki/File%3AMianjin_hongshao_paigu_2009_03.jpg","Rolfmueller","CC BY-SA 3.0","https://creativecommons.org/licenses/by-sa/3.0","https://upload.wikimedia.org/wikipedia/commons/thumb/e/ec/Mianjin_hongshao_paigu_2009_03.jpg/960px-Mianjin_hongshao_paigu_2009_03.jpg","dish-026.jpg"
"DISH_027","蒜香排骨","https://commons.wikimedia.org/wiki/File%3ASmoked_country_style_pork_ribs.jpg","Dennis Brown","CC BY 3.0","https://creativecommons.org/licenses/by/3.0","https://upload.wikimedia.org/wikipedia/commons/thumb/0/05/Smoked_country_style_pork_ribs.jpg/960px-Smoked_country_style_pork_ribs.jpg","dish-027.jpg"
"DISH_028","粉蒸排骨","https://commons.wikimedia.org/wiki/File%3ADish_of_stewed_pork%2C_Romanesco_and_broccoli%2C_and_steamed_egg%2C_Singapore_-_20150129.jpg","Smuconlaw.","CC BY-SA 4.0","https://creativecommons.org/licenses/by-sa/4.0","https://upload.wikimedia.org/wikipedia/commons/thumb/2/2e/Dish_of_stewed_pork%2C_Romanesco_and_broccoli%2C_and_steamed_egg%2C_Singapore_-_20150129.jpg/960px-Dish_of_stewed_pork%2C_Romanesco_and_broccoli%2C_and_steamed_egg%2C_Singapore_-_20150129.jpg","dish-028.jpg"
"DISH_029","梅菜扣肉","https://commons.wikimedia.org/wiki/File%3ACuisine_of_China_0074.JPG","Brücke-Osteuropa","Public domain","","https://upload.wikimedia.org/wikipedia/commons/thumb/a/af/Cuisine_of_China_0074.JPG/960px-Cuisine_of_China_0074.JPG","dish-029.jpg"
"DISH_030","红烧狮子头","https://commons.wikimedia.org/wiki/File%3ALions_head_meatballs_in_brown_sauce.jpg","Jpatokal","CC BY-SA 4.0","https://creativecommons.org/licenses/by-sa/4.0","https://upload.wikimedia.org/wikipedia/commons/thumb/c/c4/Lions_head_meatballs_in_brown_sauce.jpg/960px-Lions_head_meatballs_in_brown_sauce.jpg","dish-030.jpg"
"DISH_031","四喜丸子","https://commons.wikimedia.org/wiki/File%3AXiaoSiXi_(Mahjong).JPG","The original uploader was Kowloonese at English Wikipedia.","CC BY-SA 3.0","http://creativecommons.org/licenses/by-sa/3.0/","https://upload.wikimedia.org/wikipedia/commons/8/85/XiaoSiXi_%28Mahjong%29.JPG","dish-031.jpg"
"DISH_032","农家小炒肉","https://commons.wikimedia.org/wiki/File%3AFried_Pork_with_Pepper_20210630.jpg","Huangdan2060","CC BY 3.0","https://creativecommons.org/licenses/by/3.0","https://upload.wikimedia.org/wikipedia/commons/thumb/b/ba/Fried_Pork_with_Pepper_20210630.jpg/960px-Fried_Pork_with_Pepper_20210630.jpg","dish-032.jpg"
"DISH_033","土豆炖排骨","https://commons.wikimedia.org/wiki/File%3A%E6%B9%98%E8%8F%9C%E9%A6%86%E4%B9%8B%E5%9C%9F%E8%B1%86%E7%82%96%E6%8E%92%E9%AA%A8.jpg","Liuxingy","CC BY-SA 4.0","https://creativecommons.org/licenses/by-sa/4.0","https://upload.wikimedia.org/wikipedia/commons/thumb/d/d3/%E6%B9%98%E8%8F%9C%E9%A6%86%E4%B9%8B%E5%9C%9F%E8%B1%86%E7%82%96%E6%8E%92%E9%AA%A8.jpg/960px-%E6%B9%98%E8%8F%9C%E9%A6%86%E4%B9%8B%E5%9C%9F%E8%B1%86%E7%82%96%E6%8E%92%E9%AA%A8.jpg","dish-033.jpg"
"DISH_034","豆角炖排骨","https://commons.wikimedia.org/wiki/File%3AJiefang_Road%2C_Shenzhen_(254).jpg","Dinkun Chen","CC BY-SA 4.0","https://creativecommons.org/licenses/by-sa/4.0","https://upload.wikimedia.org/wikipedia/commons/thumb/e/ed/Jiefang_Road%2C_Shenzhen_%28254%29.jpg/960px-Jiefang_Road%2C_Shenzhen_%28254%29.jpg","dish-034.jpg"
"DISH_035","冬瓜烧肉","https://commons.wikimedia.org/wiki/File%3ADish_of_stewed_pork%2C_Romanesco_and_broccoli%2C_and_steamed_egg%2C_Singapore_-_20150129.jpg","Smuconlaw.","CC BY-SA 4.0","https://creativecommons.org/licenses/by-sa/4.0","https://upload.wikimedia.org/wikipedia/commons/thumb/2/2e/Dish_of_stewed_pork%2C_Romanesco_and_broccoli%2C_and_steamed_egg%2C_Singapore_-_20150129.jpg/960px-Dish_of_stewed_pork%2C_Romanesco_and_broccoli%2C_and_steamed_egg%2C_Singapore_-_20150129.jpg","dish-035.jpg"
"DISH_036","鹌鹑蛋红烧肉","https://commons.wikimedia.org/wiki/File%3ADish_of_stewed_pork%2C_Romanesco_and_broccoli%2C_and_steamed_egg%2C_Singapore_-_20150129.jpg","Smuconlaw.","CC BY-SA 4.0","https://creativecommons.org/licenses/by-sa/4.0","https://upload.wikimedia.org/wikipedia/commons/thumb/2/2e/Dish_of_stewed_pork%2C_Romanesco_and_broccoli%2C_and_steamed_egg%2C_Singapore_-_20150129.jpg/960px-Dish_of_stewed_pork%2C_Romanesco_and_broccoli%2C_and_steamed_egg%2C_Singapore_-_20150129.jpg","dish-036.jpg"
"DISH_037","水煮肉片","https://commons.wikimedia.org/wiki/File%3A%E5%AE%B6%E5%BA%AD%E6%B0%B4%E7%85%AE%E8%82%89%E7%89%87.jpg","zhantongz","CC BY-SA 3.0","https://creativecommons.org/licenses/by-sa/3.0","https://upload.wikimedia.org/wikipedia/commons/f/f9/%E5%AE%B6%E5%BA%AD%E6%B0%B4%E7%85%AE%E8%82%89%E7%89%87.jpg","dish-037.jpg"
"DISH_038","孜然牛肉","https://commons.wikimedia.org/wiki/File%3ACumin_beef_fried_rice_(1).jpg","Fumikas Sagisavas","CC0","http://creativecommons.org/publicdomain/zero/1.0/deed.en","https://upload.wikimedia.org/wikipedia/commons/thumb/a/af/Cumin_beef_fried_rice_%281%29.jpg/960px-Cumin_beef_fried_rice_%281%29.jpg","dish-038.jpg"
"DISH_039","黑椒牛柳","https://www.flickr.com/photos/10559879@N00/4003904363","avlxyz","BY-SA 2.0","https://creativecommons.org/licenses/by-sa/2.0/","https://api.openverse.org/v1/images/9e29cb4c-00ed-4336-8dfe-9fde007a3c23/thumb/","dish-039.jpg"
"DISH_040","土豆烧鸡","https://www.flickr.com/photos/10559879@N00/2500744954","avlxyz","BY-SA 2.0","https://creativecommons.org/licenses/by-sa/2.0/","https://api.openverse.org/v1/images/a61ad267-f438-4e04-8dbf-6611946b1660/thumb/","dish-040.jpg"
"DISH_041","咖喱鸡块","https://www.flickr.com/photos/71635685@N00/2512709831","DavidPanChina","BY-SA 2.0","https://creativecommons.org/licenses/by-sa/2.0/","https://api.openverse.org/v1/images/977dcd44-b752-4863-a992-4a8509b6dbb6/thumb/","dish-041.jpg"
"DISH_042","板栗烧鸡","https://www.flickr.com/photos/10559879@N00/2500744954","avlxyz","BY-SA 2.0","https://creativecommons.org/licenses/by-sa/2.0/","https://api.openverse.org/v1/images/a61ad267-f438-4e04-8dbf-6611946b1660/thumb/","dish-042.jpg"
"DISH_043","香煎鸡胸","https://www.flickr.com/photos/10559879@N00/2500744954","avlxyz","BY-SA 2.0","https://creativecommons.org/licenses/by-sa/2.0/","https://api.openverse.org/v1/images/a61ad267-f438-4e04-8dbf-6611946b1660/thumb/","dish-043.jpg"
"DISH_044","清蒸鲈鱼","https://www.flickr.com/photos/10559879@N00/2337447558","avlxyz","BY-SA 2.0","https://creativecommons.org/licenses/by-sa/2.0/","https://api.openverse.org/v1/images/c5107aaa-7cfd-4f0c-9bca-54cc229d05c1/thumb/","dish-044.jpg"
"DISH_045","红烧鲫鱼","https://www.flickr.com/photos/10559879@N00/2500744954","avlxyz","BY-SA 2.0","https://creativecommons.org/licenses/by-sa/2.0/","https://api.openverse.org/v1/images/a61ad267-f438-4e04-8dbf-6611946b1660/thumb/","dish-045.jpg"
"DISH_046","糖醋鱼","https://www.flickr.com/photos/10559879@N00/3450251342","avlxyz","BY-SA 2.0","https://creativecommons.org/licenses/by-sa/2.0/","https://api.openverse.org/v1/images/c7b3a139-5577-422e-9277-abb8dd0f214b/thumb/","dish-046.jpg"
"DISH_047","剁椒鱼头","https://www.flickr.com/photos/47038415@N00/216875875","Augapfel","BY 2.0","https://creativecommons.org/licenses/by/2.0/","https://api.openverse.org/v1/images/6cd58a90-3639-4191-930d-289beb6e2836/thumb/","dish-047.jpg"
"DISH_048","酸菜鱼","https://www.flickr.com/photos/10559879@N00/4104355401","avlxyz","BY-SA 2.0","https://creativecommons.org/licenses/by-sa/2.0/","https://api.openverse.org/v1/images/1bf1c8a3-5dcb-4b57-aaca-5a9c80861bd1/thumb/","dish-048.jpg"
"DISH_049","水煮鱼","https://www.flickr.com/photos/10559879@N00/2952391629","avlxyz","BY-SA 2.0","https://creativecommons.org/licenses/by-sa/2.0/","https://api.openverse.org/v1/images/2d842ce3-2ee7-4a87-9df7-18cb87559978/thumb/","dish-049.jpg"
"DISH_050","豉汁蒸鱼","https://www.flickr.com/photos/10559879@N00/2500744954","avlxyz","BY-SA 2.0","https://creativecommons.org/licenses/by-sa/2.0/","https://api.openverse.org/v1/images/a61ad267-f438-4e04-8dbf-6611946b1660/thumb/","dish-050.jpg"
"DISH_051","蒜蓉粉丝虾","https://www.flickr.com/photos/10559879@N00/2500744954","avlxyz","BY-SA 2.0","https://creativecommons.org/licenses/by-sa/2.0/","https://api.openverse.org/v1/images/a61ad267-f438-4e04-8dbf-6611946b1660/thumb/","dish-051.jpg"
"DISH_052","油焖大虾","https://commons.wikimedia.org/wiki/File%3A%E4%B8%AD%E5%9B%BD%E5%AE%B6%E5%B8%B8%E8%8F%9C-%E6%B2%B9%E7%84%96%E5%A4%A7%E8%99%BE.jpg","Zsllong","CC BY-SA 4.0","https://creativecommons.org/licenses/by-sa/4.0","https://upload.wikimedia.org/wikipedia/commons/thumb/0/06/%E4%B8%AD%E5%9B%BD%E5%AE%B6%E5%B8%B8%E8%8F%9C-%E6%B2%B9%E7%84%96%E5%A4%A7%E8%99%BE.jpg/960px-%E4%B8%AD%E5%9B%BD%E5%AE%B6%E5%B8%B8%E8%8F%9C-%E6%B2%B9%E7%84%96%E5%A4%A7%E8%99%BE.jpg","dish-052.jpg"
"DISH_053","香辣虾","https://www.flickr.com/photos/45390424@N02/14541535709","双核心飞鱼","BY 2.0","https://creativecommons.org/licenses/by/2.0/","https://api.openverse.org/v1/images/06b125ea-3c7e-4986-b301-086bf4bbbfe0/thumb/","dish-053.jpg"
"DISH_054","韭菜炒虾仁","https://www.flickr.com/photos/10559879@N00/2500744954","avlxyz","BY-SA 2.0","https://creativecommons.org/licenses/by-sa/2.0/","https://api.openverse.org/v1/images/a61ad267-f438-4e04-8dbf-6611946b1660/thumb/","dish-054.jpg"
"DISH_055","西兰花炒虾仁","https://www.flickr.com/photos/10559879@N00/2500744954","avlxyz","BY-SA 2.0","https://creativecommons.org/licenses/by-sa/2.0/","https://api.openverse.org/v1/images/a61ad267-f438-4e04-8dbf-6611946b1660/thumb/","dish-055.jpg"
"DISH_056","番茄炖豆腐","https://www.flickr.com/photos/10559879@N00/2500744954","avlxyz","BY-SA 2.0","https://creativecommons.org/licenses/by-sa/2.0/","https://api.openverse.org/v1/images/a61ad267-f438-4e04-8dbf-6611946b1660/thumb/","dish-056.jpg"
"DISH_057","地三鲜","https://www.flickr.com/photos/10559879@N00/2403232046","avlxyz","BY-SA 2.0","https://creativecommons.org/licenses/by-sa/2.0/","https://api.openverse.org/v1/images/4bbe73e3-0ab2-4621-a52c-d0c7b06ac892/thumb/","dish-057.jpg"
"DISH_058","干煸豆角","https://www.flickr.com/photos/90939609@N00/122780454","Pictlux","BY-SA 2.0","https://creativecommons.org/licenses/by-sa/2.0/","https://api.openverse.org/v1/images/62a147c3-2eb2-4732-aadb-57f63a2d4777/thumb/","dish-058.jpg"
"DISH_059","醋溜白菜","https://www.flickr.com/photos/7898291@N03/4291831933","Oscar, give me five","BY-SA 2.0","https://creativecommons.org/licenses/by-sa/2.0/","https://api.openverse.org/v1/images/751c651c-d663-4ec0-b6c1-77cb2d614bb4/thumb/","dish-059.jpg"
"DISH_060","手撕包菜","https://commons.wikimedia.org/wiki/File%3AStarr_080103-1276_Brassica_oleracea_var._capitata.jpg","Forest & Kim Starr","CC BY 3.0","https://creativecommons.org/licenses/by/3.0","https://upload.wikimedia.org/wikipedia/commons/thumb/7/71/Starr_080103-1276_Brassica_oleracea_var._capitata.jpg/960px-Starr_080103-1276_Brassica_oleracea_var._capitata.jpg","dish-060.jpg"
"DISH_061","清炒西兰花","https://www.flickr.com/photos/65189805@N03/5935721220","incity007","BY-SA 2.0","https://creativecommons.org/licenses/by-sa/2.0/","https://api.openverse.org/v1/images/dcb3a5cb-3106-449c-9474-19fc29247d69/thumb/","dish-061.jpg"
"DISH_062","蒜蓉油麦菜","https://www.flickr.com/photos/10559879@N00/2500744954","avlxyz","BY-SA 2.0","https://creativecommons.org/licenses/by-sa/2.0/","https://api.openverse.org/v1/images/a61ad267-f438-4e04-8dbf-6611946b1660/thumb/","dish-062.jpg"
"DISH_063","蒜蓉生菜","https://www.flickr.com/photos/76958594@N04/7625961994","D11xzj","BY 2.0","https://creativecommons.org/licenses/by/2.0/","https://api.openverse.org/v1/images/989ed17e-58b8-4935-891c-df465ce1c8db/thumb/","dish-063.jpg"
"DISH_064","荷塘小炒","https://www.flickr.com/photos/10559879@N00/2500744954","avlxyz","BY-SA 2.0","https://creativecommons.org/licenses/by-sa/2.0/","https://api.openverse.org/v1/images/a61ad267-f438-4e04-8dbf-6611946b1660/thumb/","dish-064.jpg"
"DISH_065","香菇油菜","https://www.flickr.com/photos/7656598@N04/2847095853","DING *_^","BY 2.0","https://creativecommons.org/licenses/by/2.0/","https://api.openverse.org/v1/images/7ca8e3ea-88cf-4753-b239-c0aea3b33aac/thumb/","dish-065.jpg"
"DISH_066","蚝油杏鲍菇","https://commons.wikimedia.org/wiki/File%3ABeef_and_shrimp_set_meal_on_G65_(20170307121129).jpg","N509FZ","CC BY-SA 4.0","https://creativecommons.org/licenses/by-sa/4.0","https://upload.wikimedia.org/wikipedia/commons/thumb/1/17/Beef_and_shrimp_set_meal_on_G65_%2820170307121129%29.jpg/960px-Beef_and_shrimp_set_meal_on_G65_%2820170307121129%29.jpg","dish-066.jpg"
"DISH_067","干锅花菜","https://www.flickr.com/photos/88718223@N00/13121053625","heiyo","BY-SA 2.0","https://creativecommons.org/licenses/by-sa/2.0/","https://api.openverse.org/v1/images/7bc8a0b3-129c-4091-87a0-bd90c11d8c4a/thumb/","dish-067.jpg"
"DISH_068","红烧茄子","https://commons.wikimedia.org/wiki/File%3A%E7%BA%A2%E7%83%A7%E8%8C%84%E5%AD%90-%E4%BA%91%E5%8D%97%E6%98%86%E6%98%8E.jpg","tak.wing","CC BY-SA 2.0","https://creativecommons.org/licenses/by-sa/2.0","https://upload.wikimedia.org/wikipedia/commons/thumb/e/e7/%E7%BA%A2%E7%83%A7%E8%8C%84%E5%AD%90-%E4%BA%91%E5%8D%97%E6%98%86%E6%98%8E.jpg/960px-%E7%BA%A2%E7%83%A7%E8%8C%84%E5%AD%90-%E4%BA%91%E5%8D%97%E6%98%86%E6%98%8E.jpg","dish-068.jpg"
"DISH_069","肉末茄子","https://www.flickr.com/photos/10559879@N00/2500744954","avlxyz","BY-SA 2.0","https://creativecommons.org/licenses/by-sa/2.0/","https://api.openverse.org/v1/images/a61ad267-f438-4e04-8dbf-6611946b1660/thumb/","dish-069.jpg"
"DISH_070","家常豆腐","https://www.flickr.com/photos/10559879@N00/2304041908","avlxyz","BY-SA 2.0","https://creativecommons.org/licenses/by-sa/2.0/","https://api.openverse.org/v1/images/428fc0be-d21f-4a78-8f26-d3adcfd96294/thumb/","dish-070.jpg"
"DISH_071","韭菜炒鸡蛋","https://www.flickr.com/photos/10559879@N00/2500744954","avlxyz","BY-SA 2.0","https://creativecommons.org/licenses/by-sa/2.0/","https://api.openverse.org/v1/images/a61ad267-f438-4e04-8dbf-6611946b1660/thumb/","dish-071.jpg"
"DISH_072","西葫芦炒鸡蛋","https://www.flickr.com/photos/10559879@N00/2500744954","avlxyz","BY-SA 2.0","https://creativecommons.org/licenses/by-sa/2.0/","https://api.openverse.org/v1/images/a61ad267-f438-4e04-8dbf-6611946b1660/thumb/","dish-072.jpg"
"DISH_073","拍黄瓜","https://www.flickr.com/photos/10559879@N00/3130197778","avlxyz","BY-SA 2.0","https://creativecommons.org/licenses/by-sa/2.0/","https://api.openverse.org/v1/images/c71b67fc-ede8-4c62-8c1b-79b5741b3d01/thumb/","dish-073.jpg"
"DISH_074","凉拌木耳","https://www.flickr.com/photos/10559879@N00/2461262750","avlxyz","BY-SA 2.0","https://creativecommons.org/licenses/by-sa/2.0/","https://api.openverse.org/v1/images/efab848f-7930-4925-bc6b-37166ace54fd/thumb/","dish-074.jpg"
"DISH_075","凉拌海带丝","https://www.flickr.com/photos/10559879@N00/2461262750","avlxyz","BY-SA 2.0","https://creativecommons.org/licenses/by-sa/2.0/","https://api.openverse.org/v1/images/efab848f-7930-4925-bc6b-37166ace54fd/thumb/","dish-075.jpg"
"DISH_076","凉拌腐竹","https://commons.wikimedia.org/wiki/File%3ATeochew_Dumplings_-_Chongqing_Hotpot_AUD3.80_small_(3496588212).jpg","Alpha from Melbourne, Australia","CC BY-SA 2.0","https://creativecommons.org/licenses/by-sa/2.0","https://upload.wikimedia.org/wikipedia/commons/thumb/6/6d/Teochew_Dumplings_-_Chongqing_Hotpot_AUD3.80_small_%283496588212%29.jpg/960px-Teochew_Dumplings_-_Chongqing_Hotpot_AUD3.80_small_%283496588212%29.jpg","dish-076.jpg"
"DISH_077","凉拌豆皮","https://www.flickr.com/photos/10559879@N00/2821584562","avlxyz","BY-SA 2.0","https://creativecommons.org/licenses/by-sa/2.0/","https://api.openverse.org/v1/images/d166eb0b-f336-459e-be38-27d7c412f3c6/thumb/","dish-077.jpg"
"DISH_078","凉拌三丝","https://www.flickr.com/photos/10559879@N00/3495773419","avlxyz","BY-SA 2.0","https://creativecommons.org/licenses/by-sa/2.0/","https://api.openverse.org/v1/images/92d099fd-0328-4977-b13f-97a9062b5db5/thumb/","dish-078.jpg"
"DISH_079","凉拌菠菜","https://www.flickr.com/photos/10559879@N00/2461262750","avlxyz","BY-SA 2.0","https://creativecommons.org/licenses/by-sa/2.0/","https://api.openverse.org/v1/images/efab848f-7930-4925-bc6b-37166ace54fd/thumb/","dish-079.jpg"
"DISH_080","凉拌莴笋","https://www.flickr.com/photos/10559879@N00/2461262750","avlxyz","BY-SA 2.0","https://creativecommons.org/licenses/by-sa/2.0/","https://api.openverse.org/v1/images/efab848f-7930-4925-bc6b-37166ace54fd/thumb/","dish-080.jpg"
"DISH_081","凉拌西兰花","https://www.flickr.com/photos/10559879@N00/2461262750","avlxyz","BY-SA 2.0","https://creativecommons.org/licenses/by-sa/2.0/","https://api.openverse.org/v1/images/efab848f-7930-4925-bc6b-37166ace54fd/thumb/","dish-081.jpg"
"DISH_082","凉拌藕片","https://www.flickr.com/photos/10559879@N00/2461262750","avlxyz","BY-SA 2.0","https://creativecommons.org/licenses/by-sa/2.0/","https://api.openverse.org/v1/images/efab848f-7930-4925-bc6b-37166ace54fd/thumb/","dish-082.jpg"
"DISH_083","凉拌土豆丝","https://www.flickr.com/photos/10559879@N00/2461262750","avlxyz","BY-SA 2.0","https://creativecommons.org/licenses/by-sa/2.0/","https://api.openverse.org/v1/images/efab848f-7930-4925-bc6b-37166ace54fd/thumb/","dish-083.jpg"
"DISH_084","凉拌金针菇","https://www.flickr.com/photos/47038415@N00/219115984","Augapfel","BY 2.0","https://creativecommons.org/licenses/by/2.0/","https://api.openverse.org/v1/images/94fab79a-6a8c-4f95-ab6f-df965035f9f6/thumb/","dish-084.jpg"
"DISH_085","皮蛋豆腐","https://www.flickr.com/photos/47038415@N00/248294003","Augapfel","BY 2.0","https://creativecommons.org/licenses/by/2.0/","https://api.openverse.org/v1/images/16b32382-4d33-44c5-989c-0f2ebc3196f2/thumb/","dish-085.jpg"
"DISH_086","老醋花生","https://www.flickr.com/photos/10559879@N00/2461262750","avlxyz","BY-SA 2.0","https://creativecommons.org/licenses/by-sa/2.0/","https://api.openverse.org/v1/images/efab848f-7930-4925-bc6b-37166ace54fd/thumb/","dish-086.jpg"
"DISH_087","凉拌鸡丝","https://www.flickr.com/photos/10559879@N00/2461262750","avlxyz","BY-SA 2.0","https://creativecommons.org/licenses/by-sa/2.0/","https://api.openverse.org/v1/images/efab848f-7930-4925-bc6b-37166ace54fd/thumb/","dish-087.jpg"
"DISH_088","口水鸡","https://www.flickr.com/photos/10559879@N00/2952381609","avlxyz","BY-SA 2.0","https://creativecommons.org/licenses/by-sa/2.0/","https://api.openverse.org/v1/images/38f98538-280d-42d8-87dd-a215eb51392b/thumb/","dish-088.jpg"
"DISH_089","白切肉","https://www.flickr.com/photos/129851880@N07/26847459523","羽諾","BY-SA 2.0","https://creativecommons.org/licenses/by-sa/2.0/","https://api.openverse.org/v1/images/5e00f680-fc99-4cb1-8919-b20d28525c45/thumb/","dish-089.jpg"
"DISH_090","蒜泥白肉","https://www.flickr.com/photos/10559879@N00/2353320414","avlxyz","BY-SA 2.0","https://creativecommons.org/licenses/by-sa/2.0/","https://api.openverse.org/v1/images/5d47ad82-7302-487f-8949-98cbe7830cf4/thumb/","dish-090.jpg"
"DISH_091","凉拌牛肉","https://commons.wikimedia.org/wiki/File%3A%E8%8A%A5%E8%8F%9C%E7%BE%8A%E8%82%89_Mustard_Green%2BLamb%2C_%E9%A6%99%E8%8F%87%E7%89%9B%E8%82%89_Mushroom%2BBeef%2C_%E7%B4%A0%E4%B8%89%E9%B2%9C_Vegetarian_%E9%A5%BA%E5%AD%90_Dumplings_-_%E8%80%81%E5%A4%A7%E5%A8%98%E6%B0%B4%E9%A5%BA%E5%BA%97_Laodaniang_Dumpling_Shop.jpg","avlxyz","CC BY-SA 2.0","https://creativecommons.org/licenses/by-sa/2.0","https://upload.wikimedia.org/wikipedia/commons/c/cd/%E8%8A%A5%E8%8F%9C%E7%BE%8A%E8%82%89_Mustard_Green%2BLamb%2C_%E9%A6%99%E8%8F%87%E7%89%9B%E8%82%89_Mushroom%2BBeef%2C_%E7%B4%A0%E4%B8%89%E9%B2%9C_Vegetarian_%E9%A5%BA%E5%AD%90_Dumplings_-_%E8%80%81%E5%A4%A7%E5%A8%98%E6%B0%B4%E9%A5%BA%E5%BA%97_Laodaniang_Dumpling_Shop.jpg","dish-091.jpg"
"DISH_092","夫妻肺片","https://www.flickr.com/photos/91049143@N00/15953315094","bryan...","BY-SA 2.0","https://creativecommons.org/licenses/by-sa/2.0/","https://api.openverse.org/v1/images/8f6a0f11-2743-409c-9c9e-be3e9b40d405/thumb/","dish-092.jpg"
"DISH_093","糖拌西红柿","https://www.flickr.com/photos/10559879@N00/2461262750","avlxyz","BY-SA 2.0","https://creativecommons.org/licenses/by-sa/2.0/","https://api.openverse.org/v1/images/efab848f-7930-4925-bc6b-37166ace54fd/thumb/","dish-093.jpg"
"DISH_094","果仁菠菜","https://www.flickr.com/photos/10559879@N00/2461262750","avlxyz","BY-SA 2.0","https://creativecommons.org/licenses/by-sa/2.0/","https://api.openverse.org/v1/images/efab848f-7930-4925-bc6b-37166ace54fd/thumb/","dish-094.jpg"
"DISH_095","东北大拉皮","https://commons.wikimedia.org/wiki/File%3ADong_bei_da_la_pi.jpg","chengzhu","CC0","http://creativecommons.org/publicdomain/zero/1.0/deed.en","https://upload.wikimedia.org/wikipedia/commons/thumb/e/e3/Dong_bei_da_la_pi.jpg/960px-Dong_bei_da_la_pi.jpg","dish-095.jpg"
"DISH_096","凉拌秋葵","https://www.flickr.com/photos/10559879@N00/2461262750","avlxyz","BY-SA 2.0","https://creativecommons.org/licenses/by-sa/2.0/","https://api.openverse.org/v1/images/efab848f-7930-4925-bc6b-37166ace54fd/thumb/","dish-096.jpg"
"DISH_097","紫菜蛋花汤","https://www.flickr.com/photos/76958594@N04/7762437314","D11xzj","BY 2.0","https://creativecommons.org/licenses/by/2.0/","https://api.openverse.org/v1/images/5b40f612-d9bf-4150-9e50-3e44e14590ab/thumb/","dish-097.jpg"
"DISH_098","西红柿鸡蛋汤","https://www.flickr.com/photos/10559879@N00/521426140","avlxyz","BY-SA 2.0","https://creativecommons.org/licenses/by-sa/2.0/","https://api.openverse.org/v1/images/accdea6c-0e32-496e-8635-6bef9140da46/thumb/","dish-098.jpg"
"DISH_099","冬瓜排骨汤","https://www.flickr.com/photos/10559879@N00/521426140","avlxyz","BY-SA 2.0","https://creativecommons.org/licenses/by-sa/2.0/","https://api.openverse.org/v1/images/accdea6c-0e32-496e-8635-6bef9140da46/thumb/","dish-099.jpg"
"DISH_100","玉米排骨汤","https://commons.wikimedia.org/w/index.php?curid=48631831","Yinsanhen","BY-SA 4.0","https://creativecommons.org/licenses/by-sa/4.0/","https://api.openverse.org/v1/images/2b4448a1-d192-43ba-9dcf-7d738fafeaf9/thumb/","dish-100.jpg"
"DISH_101","莲藕排骨汤","https://www.flickr.com/photos/71834709@N00/8546361421","Colin ZHU","BY-SA 2.0","https://creativecommons.org/licenses/by-sa/2.0/","https://api.openverse.org/v1/images/43320fdf-8689-4741-b271-c5edb410ed20/thumb/","dish-101.jpg"
"DISH_102","海带排骨汤","https://www.flickr.com/photos/10559879@N00/521426140","avlxyz","BY-SA 2.0","https://creativecommons.org/licenses/by-sa/2.0/","https://api.openverse.org/v1/images/accdea6c-0e32-496e-8635-6bef9140da46/thumb/","dish-102.jpg"
"DISH_103","山药排骨汤","https://www.flickr.com/photos/10559879@N00/521426140","avlxyz","BY-SA 2.0","https://creativecommons.org/licenses/by-sa/2.0/","https://api.openverse.org/v1/images/accdea6c-0e32-496e-8635-6bef9140da46/thumb/","dish-103.jpg"
"DISH_104","萝卜排骨汤","https://www.flickr.com/photos/76958594@N04/7275807388","D11xzj","BY 2.0","https://creativecommons.org/licenses/by/2.0/","https://api.openverse.org/v1/images/3ae4d219-e944-439c-942a-63a75e5d0278/thumb/","dish-104.jpg"
"DISH_105","菌菇鸡汤","https://www.flickr.com/photos/10559879@N00/521426140","avlxyz","BY-SA 2.0","https://creativecommons.org/licenses/by-sa/2.0/","https://api.openverse.org/v1/images/accdea6c-0e32-496e-8635-6bef9140da46/thumb/","dish-105.jpg"
"DISH_106","香菇炖鸡汤","https://www.flickr.com/photos/10559879@N00/521426140","avlxyz","BY-SA 2.0","https://creativecommons.org/licenses/by-sa/2.0/","https://api.openverse.org/v1/images/accdea6c-0e32-496e-8635-6bef9140da46/thumb/","dish-106.jpg"
"DISH_107","番茄牛腩汤","https://www.flickr.com/photos/10559879@N00/521426140","avlxyz","BY-SA 2.0","https://creativecommons.org/licenses/by-sa/2.0/","https://api.openverse.org/v1/images/accdea6c-0e32-496e-8635-6bef9140da46/thumb/","dish-107.jpg"
"DISH_108","萝卜牛肉汤","https://www.flickr.com/photos/10559879@N00/521426140","avlxyz","BY-SA 2.0","https://creativecommons.org/licenses/by-sa/2.0/","https://api.openverse.org/v1/images/accdea6c-0e32-496e-8635-6bef9140da46/thumb/","dish-108.jpg"
"DISH_109","鲫鱼豆腐汤","https://www.flickr.com/photos/10559879@N00/521426140","avlxyz","BY-SA 2.0","https://creativecommons.org/licenses/by-sa/2.0/","https://api.openverse.org/v1/images/accdea6c-0e32-496e-8635-6bef9140da46/thumb/","dish-109.jpg"
"DISH_110","丝瓜蛋汤","https://www.flickr.com/photos/10559879@N00/885682730","avlxyz","BY-SA 2.0","https://creativecommons.org/licenses/by-sa/2.0/","https://api.openverse.org/v1/images/041d7757-b5b1-43c8-8ea3-2cdc24b8ea7f/thumb/","dish-110.jpg"
"DISH_111","冬瓜虾皮汤","https://www.flickr.com/photos/10559879@N00/521426140","avlxyz","BY-SA 2.0","https://creativecommons.org/licenses/by-sa/2.0/","https://api.openverse.org/v1/images/accdea6c-0e32-496e-8635-6bef9140da46/thumb/","dish-111.jpg"
"DISH_112","榨菜肉丝汤","https://www.flickr.com/photos/10559879@N00/827971877","avlxyz","BY-SA 2.0","https://creativecommons.org/licenses/by-sa/2.0/","https://api.openverse.org/v1/images/a58ec4c6-1090-4727-a123-c52a963faaf2/thumb/","dish-112.jpg"
"DISH_113","酸辣汤","https://www.flickr.com/photos/10559879@N00/2416274752","avlxyz","BY-SA 2.0","https://creativecommons.org/licenses/by-sa/2.0/","https://api.openverse.org/v1/images/268e9337-0e00-4910-8326-edec63495fa3/thumb/","dish-113.jpg"
"DISH_114","家常豆腐羹","https://www.flickr.com/photos/10559879@N00/521426140","avlxyz","BY-SA 2.0","https://creativecommons.org/licenses/by-sa/2.0/","https://api.openverse.org/v1/images/accdea6c-0e32-496e-8635-6bef9140da46/thumb/","dish-114.jpg"
"DISH_115","银耳莲子羹","https://www.flickr.com/photos/10559879@N00/521426140","avlxyz","BY-SA 2.0","https://creativecommons.org/licenses/by-sa/2.0/","https://api.openverse.org/v1/images/accdea6c-0e32-496e-8635-6bef9140da46/thumb/","dish-115.jpg"
"DISH_116","绿豆汤","https://www.flickr.com/photos/33562248@N00/5922646361","Metaphox","BY 2.0","https://creativecommons.org/licenses/by/2.0/","https://api.openverse.org/v1/images/0fd97f55-b93c-4b8f-b8b8-8f71d4387b64/thumb/","dish-116.jpg"
"DISH_117","红豆汤","https://www.flickr.com/photos/34353636@N00/5671801572","liewcf","BY-SA 2.0","https://creativecommons.org/licenses/by-sa/2.0/","https://api.openverse.org/v1/images/9a7f5936-7e82-4c25-84a4-12aa298bbb88/thumb/","dish-117.jpg"
"DISH_118","羊肉萝卜汤","https://www.flickr.com/photos/10559879@N00/521426140","avlxyz","BY-SA 2.0","https://creativecommons.org/licenses/by-sa/2.0/","https://api.openverse.org/v1/images/accdea6c-0e32-496e-8635-6bef9140da46/thumb/","dish-118.jpg"
"DISH_119","西湖牛肉羹","https://www.flickr.com/photos/47038415@N00/370735171","Augapfel","BY 2.0","https://creativecommons.org/licenses/by/2.0/","https://api.openverse.org/v1/images/c11b6e67-50a9-45c6-8d26-0d5b9f6f215a/thumb/","dish-119.jpg"
"DISH_120","宋嫂鱼羹","https://www.flickr.com/photos/10559879@N00/521426140","avlxyz","BY-SA 2.0","https://creativecommons.org/licenses/by-sa/2.0/","https://api.openverse.org/v1/images/accdea6c-0e32-496e-8635-6bef9140da46/thumb/","dish-120.jpg"
"DISH_121","白菜豆腐汤","https://www.flickr.com/photos/10559879@N00/76394568","avlxyz","BY-SA 2.0","https://creativecommons.org/licenses/by-sa/2.0/","https://api.openverse.org/v1/images/9cc03f07-b199-4951-9ad7-ca1bed831fa9/thumb/","dish-121.jpg"
"DISH_122","青菜肉丸汤","https://www.flickr.com/photos/10559879@N00/521426140","avlxyz","BY-SA 2.0","https://creativecommons.org/licenses/by-sa/2.0/","https://api.openverse.org/v1/images/accdea6c-0e32-496e-8635-6bef9140da46/thumb/","dish-122.jpg"
"DISH_123","海鲜菇豆腐汤","https://www.flickr.com/photos/10559879@N00/521426140","avlxyz","BY-SA 2.0","https://creativecommons.org/licenses/by-sa/2.0/","https://api.openverse.org/v1/images/accdea6c-0e32-496e-8635-6bef9140da46/thumb/","dish-123.jpg"
"DISH_124","罗宋汤","https://commons.wikimedia.org/wiki/File%3ABorscht_with_cream.jpg","Kelly Sue DeConnick","CC BY-SA 2.0","https://creativecommons.org/licenses/by-sa/2.0","https://upload.wikimedia.org/wikipedia/commons/0/09/Borscht_with_cream.jpg","dish-124.jpg"
"DISH_125","扬州炒饭","https://commons.wikimedia.org/wiki/File%3AChinese_fried_rice_by_stu_spivack_in_Cleveland%2C_OH.jpg","stu_spivack from C & Y Chinese Restaurant in Cleveland's Chinatown, Ohio","CC BY-SA 2.0","https://creativecommons.org/licenses/by-sa/2.0","https://upload.wikimedia.org/wikipedia/commons/thumb/0/0a/Chinese_fried_rice_by_stu_spivack_in_Cleveland%2C_OH.jpg/960px-Chinese_fried_rice_by_stu_spivack_in_Cleveland%2C_OH.jpg","dish-125.jpg"
"DISH_126","蛋炒饭","https://www.flickr.com/photos/34353636@N00/4437550956","liewcf","BY-SA 2.0","https://creativecommons.org/licenses/by-sa/2.0/","https://api.openverse.org/v1/images/dd0d2d98-6a4c-49e3-aab1-31a9ebb824ae/thumb/","dish-126.jpg"
"DISH_127","腊肠炒饭","https://www.flickr.com/photos/22292214@N00/5611724473","andrewarchy","BY 2.0","https://creativecommons.org/licenses/by/2.0/","https://api.openverse.org/v1/images/e3979c4a-da9a-456d-8e78-689f4025a549/thumb/","dish-127.jpg"
"DISH_128","咖喱炒饭","https://www.flickr.com/photos/22292214@N00/5611724473","andrewarchy","BY 2.0","https://creativecommons.org/licenses/by/2.0/","https://api.openverse.org/v1/images/e3979c4a-da9a-456d-8e78-689f4025a549/thumb/","dish-128.jpg"
"DISH_129","番茄鸡蛋面","https://commons.wikimedia.org/wiki/File%3ATomato_and_egg_noodles.jpg","Zhuo1221","CC BY-SA 4.0","https://creativecommons.org/licenses/by-sa/4.0","https://upload.wikimedia.org/wikipedia/commons/thumb/6/62/Tomato_and_egg_noodles.jpg/960px-Tomato_and_egg_noodles.jpg","dish-129.jpg"
"DISH_130","葱油拌面","https://commons.wikimedia.org/wiki/File%3A%E8%91%B1%E8%8A%B1%E8%91%B1%E6%B2%B9%E6%8B%8C%E9%9D%A2.jpg","Suginami","CC0","http://creativecommons.org/publicdomain/zero/1.0/deed.en","https://upload.wikimedia.org/wikipedia/commons/thumb/c/c4/%E8%91%B1%E8%8A%B1%E8%91%B1%E6%B2%B9%E6%8B%8C%E9%9D%A2.jpg/960px-%E8%91%B1%E8%8A%B1%E8%91%B1%E6%B2%B9%E6%8B%8C%E9%9D%A2.jpg","dish-130.jpg"
"DISH_131","炸酱面","https://www.flickr.com/photos/10559879@N00/3012466496","avlxyz","BY-SA 2.0","https://creativecommons.org/licenses/by-sa/2.0/","https://api.openverse.org/v1/images/3ca86242-8112-46a4-9e47-b6cbc8311de6/thumb/","dish-131.jpg"
"DISH_132","阳春面","https://commons.wikimedia.org/wiki/File%3AChineseNoodles.jpg","Jun","CC BY 2.0","https://creativecommons.org/licenses/by/2.0","https://upload.wikimedia.org/wikipedia/commons/thumb/3/34/ChineseNoodles.jpg/960px-ChineseNoodles.jpg","dish-132.jpg"
"DISH_133","牛肉面","https://www.flickr.com/photos/10559879@N00/2990569537","avlxyz","BY-SA 2.0","https://creativecommons.org/licenses/by-sa/2.0/","https://api.openverse.org/v1/images/cee20920-eef9-4334-9f61-e0c537a21912/thumb/","dish-133.jpg"
"DISH_134","排骨面","https://www.flickr.com/photos/10559879@N00/3449436271","avlxyz","BY-SA 2.0","https://creativecommons.org/licenses/by-sa/2.0/","https://api.openverse.org/v1/images/bfe90938-ca6e-40f6-b313-95056e306850/thumb/","dish-134.jpg"
"DISH_135","雪菜肉丝面","https://www.flickr.com/photos/87117631@N00/8492450995","Gary Soup","BY 2.0","https://creativecommons.org/licenses/by/2.0/","https://api.openverse.org/v1/images/f88bb0b8-f4d8-4b19-b0b2-6e1060841456/thumb/","dish-135.jpg"
"DISH_136","酸辣粉","https://www.flickr.com/photos/25368895@N00/6822582224","ayustety","BY-SA 2.0","https://creativecommons.org/licenses/by-sa/2.0/","https://api.openverse.org/v1/images/a5c12bfc-ddd0-445c-9773-29dbf32cb02f/thumb/","dish-136.jpg"
"DISH_137","肉末米粉","https://www.flickr.com/photos/22292214@N00/5611724473","andrewarchy","BY 2.0","https://creativecommons.org/licenses/by/2.0/","https://api.openverse.org/v1/images/e3979c4a-da9a-456d-8e78-689f4025a549/thumb/","dish-137.jpg"
"DISH_138","鸡蛋炒面","https://www.flickr.com/photos/10559879@N00/885682730","avlxyz","BY-SA 2.0","https://creativecommons.org/licenses/by-sa/2.0/","https://api.openverse.org/v1/images/041d7757-b5b1-43c8-8ea3-2cdc24b8ea7f/thumb/","dish-138.jpg"
"DISH_139","肉丝炒面","https://www.flickr.com/photos/10559879@N00/3042702705","avlxyz","BY-SA 2.0","https://creativecommons.org/licenses/by-sa/2.0/","https://api.openverse.org/v1/images/6b15346d-0078-42f8-8400-a4340d180422/thumb/","dish-139.jpg"
"DISH_140","韭菜鸡蛋饺子","https://www.flickr.com/photos/22292214@N00/5611724473","andrewarchy","BY 2.0","https://creativecommons.org/licenses/by/2.0/","https://api.openverse.org/v1/images/e3979c4a-da9a-456d-8e78-689f4025a549/thumb/","dish-140.jpg"
"DISH_141","猪肉白菜饺子","https://commons.wikimedia.org/wiki/File%3ADumplings_(jiaozhi)_(Pork_and_napa_cabbage).jpg","NeoBatfreak","CC BY-SA 4.0","https://creativecommons.org/licenses/by-sa/4.0","https://upload.wikimedia.org/wikipedia/commons/thumb/b/b2/Dumplings_%28jiaozhi%29_%28Pork_and_napa_cabbage%29.jpg/960px-Dumplings_%28jiaozhi%29_%28Pork_and_napa_cabbage%29.jpg","dish-141.jpg"
"DISH_142","牛肉馅饺子","https://www.flickr.com/photos/22292214@N00/5611724473","andrewarchy","BY 2.0","https://creativecommons.org/licenses/by/2.0/","https://api.openverse.org/v1/images/e3979c4a-da9a-456d-8e78-689f4025a549/thumb/","dish-142.jpg"
"DISH_143","鲜肉馄饨","https://www.flickr.com/photos/32384318@N06/6568489863","DvYang","BY-SA 2.0","https://creativecommons.org/licenses/by-sa/2.0/","https://api.openverse.org/v1/images/4061e0ef-4c49-4ce9-8408-76ee0b09fe4a/thumb/","dish-143.jpg"
"DISH_144","猪肉包子","https://www.flickr.com/photos/22292214@N00/5611724473","andrewarchy","BY 2.0","https://creativecommons.org/licenses/by/2.0/","https://api.openverse.org/v1/images/e3979c4a-da9a-456d-8e78-689f4025a549/thumb/","dish-144.jpg"
"DISH_145","花卷","https://www.flickr.com/photos/52582306@N03/9207628982","阿橋花譜 KHQ Flower Guide","BY-SA 2.0","https://creativecommons.org/licenses/by-sa/2.0/","https://api.openverse.org/v1/images/a0cad0eb-f2a6-4d65-9e83-7eabc484ac36/thumb/","dish-145.jpg"
"DISH_146","葱油饼","https://www.flickr.com/photos/7527824@N04/5440935619","timquijano","BY 2.0","https://creativecommons.org/licenses/by/2.0/","https://api.openverse.org/v1/images/78a23306-547c-415a-8090-51cf9b66527c/thumb/","dish-146.jpg"
"DISH_147","南瓜馒头","https://commons.wikimedia.org/wiki/File%3AGlochidion_puberum_02.JPG","Vinayaraj","CC BY-SA 3.0","https://creativecommons.org/licenses/by-sa/3.0","https://upload.wikimedia.org/wikipedia/commons/thumb/2/29/Glochidion_puberum_02.JPG/960px-Glochidion_puberum_02.JPG","dish-147.jpg"
"DISH_148","皮蛋瘦肉粥","https://www.flickr.com/photos/50642338@N00/245032510","sfllaw","BY-SA 2.0","https://creativecommons.org/licenses/by-sa/2.0/","https://api.openverse.org/v1/images/b6786ede-9791-46cd-8034-81c26f264cd8/thumb/","dish-148.jpg"
"DISH_149","小米粥","https://www.flickr.com/photos/76958594@N04/7356102222","D11xzj","BY 2.0","https://creativecommons.org/licenses/by/2.0/","https://api.openverse.org/v1/images/d6d54d11-690f-4f18-a805-186b88b8e49c/thumb/","dish-149.jpg"
"DISH_150","南瓜粥","https://www.flickr.com/photos/13293168@N06/6839065964","caishin","BY-SA 2.0","https://creativecommons.org/licenses/by-sa/2.0/","https://api.openverse.org/v1/images/d580b54c-35b0-497a-9b66-1d71e2b270ea/thumb/","dish-150.jpg"
"DISH_151","八宝粥","https://www.flickr.com/photos/10559879@N00/2371077526","avlxyz","BY-SA 2.0","https://creativecommons.org/licenses/by-sa/2.0/","https://api.openverse.org/v1/images/14b12a57-ab18-4798-a1ea-ed2f65a72241/thumb/","dish-151.jpg"
"DISH_152","燕麦牛奶粥","https://www.flickr.com/photos/48973657@N00/8520765973","See-ming Lee (SML)","BY 2.0","https://creativecommons.org/licenses/by/2.0/","https://api.openverse.org/v1/images/68f9e190-39a3-49e1-9b7c-948c04590d9f/thumb/","dish-152.jpg"
"DISH_153","豆浆油条","https://www.flickr.com/photos/38766930@N05/33462761634","profernity","BY 2.0","https://creativecommons.org/licenses/by/2.0/","https://api.openverse.org/v1/images/1541731a-e13c-4a20-8785-72e97df8d242/thumb/","dish-153.jpg"
"DISH_154","茶叶蛋","https://www.flickr.com/photos/25698914@N05/7887334904","ahenobarbus","BY-SA 2.0","https://creativecommons.org/licenses/by-sa/2.0/","https://api.openverse.org/v1/images/47e6caab-ab91-476c-86fc-13c6c6384baf/thumb/","dish-154.jpg"
"DISH_155","煎鸡蛋","https://www.flickr.com/photos/13612227@N02/49923850563","Dana L. Brown","BY-SA 2.0","https://creativecommons.org/licenses/by-sa/2.0/","https://api.openverse.org/v1/images/a7ca17c3-a221-4b68-a100-11fcc395ba02/thumb/","dish-155.jpg"
"DISH_156","火腿鸡蛋三明治","https://www.flickr.com/photos/48973657@N00/8520765973","See-ming Lee (SML)","BY 2.0","https://creativecommons.org/licenses/by/2.0/","https://api.openverse.org/v1/images/68f9e190-39a3-49e1-9b7c-948c04590d9f/thumb/","dish-156.jpg"
"DISH_157","牛油果鸡蛋吐司","https://www.flickr.com/photos/48973657@N00/8520765973","See-ming Lee (SML)","BY 2.0","https://creativecommons.org/licenses/by/2.0/","https://api.openverse.org/v1/images/68f9e190-39a3-49e1-9b7c-948c04590d9f/thumb/","dish-157.jpg"
"DISH_158","鸡蛋灌饼","https://www.flickr.com/photos/28355684@N06/3558407996","大杨","BY 2.0","https://creativecommons.org/licenses/by/2.0/","https://api.openverse.org/v1/images/46368fc8-57ad-4e89-85bd-09c93ffefbd9/thumb/","dish-158.jpg"
"DISH_159","手抓饼","https://www.flickr.com/photos/32300607@N05/5311788306","jerryluo0520","BY 2.0","https://creativecommons.org/licenses/by/2.0/","https://api.openverse.org/v1/images/1aba8d76-58d1-424f-b703-57be32c37233/thumb/","dish-159.jpg"
"DISH_160","紫菜饭团","https://www.flickr.com/photos/42438955@N05/13885509804","KOREA.NET - Official page of the Republic of Korea","BY-SA 2.0","https://creativecommons.org/licenses/by-sa/2.0/","https://api.openverse.org/v1/images/68528fcb-ec3e-4d84-bb44-45a743c41fae/thumb/","dish-160.jpg"
"DISH_161","肉松饭团","https://www.flickr.com/photos/10559879@N00/3835982669","avlxyz","BY-SA 2.0","https://creativecommons.org/licenses/by-sa/2.0/","https://api.openverse.org/v1/images/8fa2c76d-8c45-4830-93d4-c661c7b6b8a7/thumb/","dish-161.jpg"
"DISH_162","玉米鸡蛋饼","https://www.flickr.com/photos/48973657@N00/8520765973","See-ming Lee (SML)","BY 2.0","https://creativecommons.org/licenses/by/2.0/","https://api.openverse.org/v1/images/68f9e190-39a3-49e1-9b7c-948c04590d9f/thumb/","dish-162.jpg"
"DISH_163","香蕉松饼","https://www.flickr.com/photos/48973657@N00/8520765973","See-ming Lee (SML)","BY 2.0","https://creativecommons.org/licenses/by/2.0/","https://api.openverse.org/v1/images/68f9e190-39a3-49e1-9b7c-948c04590d9f/thumb/","dish-163.jpg"
"DISH_164","蒸红薯","https://commons.wikimedia.org/wiki/File%3ASteamed_dried_sweet_potato.jpg","Fumikas Sagisavas","CC0","http://creativecommons.org/publicdomain/zero/1.0/deed.en","https://upload.wikimedia.org/wikipedia/commons/thumb/e/e9/Steamed_dried_sweet_potato.jpg/960px-Steamed_dried_sweet_potato.jpg","dish-164.jpg"
"DISH_165","蒸玉米","https://www.flickr.com/photos/91049143@N00/14859997855","bryan...","BY-SA 2.0","https://creativecommons.org/licenses/by-sa/2.0/","https://api.openverse.org/v1/images/3ea19eec-39e4-41fe-94bd-c2421e730c95/thumb/","dish-165.jpg"
"DISH_166","酒酿圆子","https://www.flickr.com/photos/48973657@N00/8520765973","See-ming Lee (SML)","BY 2.0","https://creativecommons.org/licenses/by/2.0/","https://api.openverse.org/v1/images/68f9e190-39a3-49e1-9b7c-948c04590d9f/thumb/","dish-166.jpg"
"DISH_167","虾仁蒸蛋","https://www.flickr.com/photos/10559879@N00/2780369515","avlxyz","BY-SA 2.0","https://creativecommons.org/licenses/by-sa/2.0/","https://api.openverse.org/v1/images/16c7e1b6-8985-4049-a021-9b1e5edb7ab7/thumb/","dish-167.jpg"
"DISH_168","番茄肉酱意面","https://www.flickr.com/photos/10559879@N00/2780369515","avlxyz","BY-SA 2.0","https://creativecommons.org/licenses/by-sa/2.0/","https://api.openverse.org/v1/images/16c7e1b6-8985-4049-a021-9b1e5edb7ab7/thumb/","dish-168.jpg"
"DISH_169","奶香土豆泥","https://www.flickr.com/photos/10559879@N00/2780369515","avlxyz","BY-SA 2.0","https://creativecommons.org/licenses/by-sa/2.0/","https://api.openverse.org/v1/images/16c7e1b6-8985-4049-a021-9b1e5edb7ab7/thumb/","dish-169.jpg"
"DISH_170","南瓜蒸蛋","https://www.flickr.com/photos/10559879@N00/2780369515","avlxyz","BY-SA 2.0","https://creativecommons.org/licenses/by-sa/2.0/","https://api.openverse.org/v1/images/16c7e1b6-8985-4049-a021-9b1e5edb7ab7/thumb/","dish-170.jpg"
"DISH_171","蔬菜鸡肉丸","https://www.flickr.com/photos/10559879@N00/2780369515","avlxyz","BY-SA 2.0","https://creativecommons.org/licenses/by-sa/2.0/","https://api.openverse.org/v1/images/16c7e1b6-8985-4049-a021-9b1e5edb7ab7/thumb/","dish-171.jpg"
"DISH_172","菠萝咕咾肉","https://commons.wikimedia.org/wiki/File%3AUncooked_raw_sweet_and_sour_pork_with_pineapple.jpg","Fumikas Sagisavas","CC0","http://creativecommons.org/publicdomain/zero/1.0/deed.en","https://upload.wikimedia.org/wikipedia/commons/thumb/5/52/Uncooked_raw_sweet_and_sour_pork_with_pineapple.jpg/960px-Uncooked_raw_sweet_and_sour_pork_with_pineapple.jpg","dish-172.jpg"
"DISH_173","彩椒牛肉粒","https://www.flickr.com/photos/10559879@N00/2780369515","avlxyz","BY-SA 2.0","https://creativecommons.org/licenses/by-sa/2.0/","https://api.openverse.org/v1/images/16c7e1b6-8985-4049-a021-9b1e5edb7ab7/thumb/","dish-173.jpg"
"DISH_174","可乐鸡腿","https://www.flickr.com/photos/10559879@N00/2780369515","avlxyz","BY-SA 2.0","https://creativecommons.org/licenses/by-sa/2.0/","https://api.openverse.org/v1/images/16c7e1b6-8985-4049-a021-9b1e5edb7ab7/thumb/","dish-174.jpg"
"DISH_175","奶香玉米","https://www.flickr.com/photos/91049143@N00/20435153748","bryan...","BY-SA 2.0","https://creativecommons.org/licenses/by-sa/2.0/","https://api.openverse.org/v1/images/c0343b6a-5bc5-4bf6-86b2-4b06ddd89f0b/thumb/","dish-175.jpg"
"DISH_176","香煎鳕鱼","https://www.flickr.com/photos/10559879@N00/2780369515","avlxyz","BY-SA 2.0","https://creativecommons.org/licenses/by-sa/2.0/","https://api.openverse.org/v1/images/16c7e1b6-8985-4049-a021-9b1e5edb7ab7/thumb/","dish-176.jpg"
"DISH_177","鸡胸肉沙拉","https://www.flickr.com/photos/10559879@N00/2780369515","avlxyz","BY-SA 2.0","https://creativecommons.org/licenses/by-sa/2.0/","https://api.openverse.org/v1/images/16c7e1b6-8985-4049-a021-9b1e5edb7ab7/thumb/","dish-177.jpg"
"DISH_178","牛肉藜麦饭","https://www.flickr.com/photos/10559879@N00/2780369515","avlxyz","BY-SA 2.0","https://creativecommons.org/licenses/by-sa/2.0/","https://api.openverse.org/v1/images/16c7e1b6-8985-4049-a021-9b1e5edb7ab7/thumb/","dish-178.jpg"
"DISH_179","虾仁藜麦沙拉","https://www.flickr.com/photos/10559879@N00/2780369515","avlxyz","BY-SA 2.0","https://creativecommons.org/licenses/by-sa/2.0/","https://api.openverse.org/v1/images/16c7e1b6-8985-4049-a021-9b1e5edb7ab7/thumb/","dish-179.jpg"
"DISH_180","西兰花鸡胸肉","https://www.flickr.com/photos/10559879@N00/2780369515","avlxyz","BY-SA 2.0","https://creativecommons.org/licenses/by-sa/2.0/","https://api.openverse.org/v1/images/16c7e1b6-8985-4049-a021-9b1e5edb7ab7/thumb/","dish-180.jpg"
"DISH_181","清蒸鳕鱼","https://www.flickr.com/photos/10559879@N00/2780369515","avlxyz","BY-SA 2.0","https://creativecommons.org/licenses/by-sa/2.0/","https://api.openverse.org/v1/images/16c7e1b6-8985-4049-a021-9b1e5edb7ab7/thumb/","dish-181.jpg"
"DISH_182","香煎三文鱼","https://www.flickr.com/photos/10559879@N00/2780369515","avlxyz","BY-SA 2.0","https://creativecommons.org/licenses/by-sa/2.0/","https://api.openverse.org/v1/images/16c7e1b6-8985-4049-a021-9b1e5edb7ab7/thumb/","dish-182.jpg"
"DISH_183","蒸南瓜山药","https://www.flickr.com/photos/10559879@N00/2780369515","avlxyz","BY-SA 2.0","https://creativecommons.org/licenses/by-sa/2.0/","https://api.openverse.org/v1/images/16c7e1b6-8985-4049-a021-9b1e5edb7ab7/thumb/","dish-183.jpg"
"DISH_184","蔬菜豆腐煲","https://www.flickr.com/photos/10559879@N00/2780369515","avlxyz","BY-SA 2.0","https://creativecommons.org/licenses/by-sa/2.0/","https://api.openverse.org/v1/images/16c7e1b6-8985-4049-a021-9b1e5edb7ab7/thumb/","dish-184.jpg"
"DISH_185","杂粮饭","https://www.flickr.com/photos/10559879@N00/2780369515","avlxyz","BY-SA 2.0","https://creativecommons.org/licenses/by-sa/2.0/","https://api.openverse.org/v1/images/16c7e1b6-8985-4049-a021-9b1e5edb7ab7/thumb/","dish-185.jpg"
"DISH_186","凉拌荞麦面","https://commons.wikimedia.org/wiki/File%3A%E8%8D%9E%E9%BA%A6%E5%87%89%E6%8B%8C%E9%9D%A2.jpg","XUEMEI SUN","CC BY-SA 4.0","https://creativecommons.org/licenses/by-sa/4.0","https://upload.wikimedia.org/wikipedia/commons/thumb/7/7b/%E8%8D%9E%E9%BA%A6%E5%87%89%E6%8B%8C%E9%9D%A2.jpg/960px-%E8%8D%9E%E9%BA%A6%E5%87%89%E6%8B%8C%E9%9D%A2.jpg","dish-186.jpg"
"DISH_187","鲜肉锅贴","https://www.flickr.com/photos/79721788@N00/40693892792","D-Stanley","BY 2.0","https://creativecommons.org/licenses/by/2.0/","https://api.openverse.org/v1/images/758e90d4-5c53-4fb9-acd7-0e8847aaa31c/thumb/","dish-187.jpg"
"DISH_188","上海生煎包","https://www.flickr.com/photos/91049143@N00/23590608472","bryan...","BY-SA 2.0","https://creativecommons.org/licenses/by-sa/2.0/","https://api.openverse.org/v1/images/a18b2563-374a-4b6d-b1f2-46ffedff075f/thumb/","dish-188.jpg"
"DISH_189","红糖糍粑","https://commons.wikimedia.org/wiki/File%3AWalmart_Marketside_exploding_brown_sugar_glutinous_rice_cake.jpg","Fumikas Sagisavas","CC0","http://creativecommons.org/publicdomain/zero/1.0/deed.en","https://upload.wikimedia.org/wikipedia/commons/thumb/7/71/Walmart_Marketside_exploding_brown_sugar_glutinous_rice_cake.jpg/960px-Walmart_Marketside_exploding_brown_sugar_glutinous_rice_cake.jpg","dish-189.jpg"
"DISH_190","三丝春卷","https://www.flickr.com/photos/79721788@N00/40693892792","D-Stanley","BY 2.0","https://creativecommons.org/licenses/by/2.0/","https://api.openverse.org/v1/images/758e90d4-5c53-4fb9-acd7-0e8847aaa31c/thumb/","dish-190.jpg"
"DISH_191","腊汁肉夹馍","https://commons.wikimedia.org/wiki/File%3A%E5%8F%A4%E5%9F%8E%E6%A8%8A%E6%B0%8F%E8%85%8A%E6%B1%81%E8%82%89%E5%A4%B9%E9%A6%8D.JPG","Steetsweet","CC BY-SA 4.0","https://creativecommons.org/licenses/by-sa/4.0","https://upload.wikimedia.org/wikipedia/commons/4/46/%E5%8F%A4%E5%9F%8E%E6%A8%8A%E6%B0%8F%E8%85%8A%E6%B1%81%E8%82%89%E5%A4%B9%E9%A6%8D.JPG","dish-191.jpg"
"DISH_192","陕西凉皮","https://commons.wikimedia.org/wiki/File%3AShanxi_Liangpi_%E9%99%95%E8%A5%BF_%E5%87%89%E7%9A%AE.jpg","ウィキ太郎 ( Wiki Taro )","Public domain","","https://upload.wikimedia.org/wikipedia/commons/thumb/8/87/Shanxi_Liangpi_%E9%99%95%E8%A5%BF_%E5%87%89%E7%9A%AE.jpg/960px-Shanxi_Liangpi_%E9%99%95%E8%A5%BF_%E5%87%89%E7%9A%AE.jpg","dish-192.jpg"
"DISH_193","糖油粑粑","https://commons.wikimedia.org/w/index.php?curid=48631831","Yinsanhen","BY-SA 4.0","https://creativecommons.org/licenses/by-sa/4.0/","https://api.openverse.org/v1/images/2b4448a1-d192-43ba-9dcf-7d738fafeaf9/thumb/","dish-193.jpg"
"DISH_194","香酥鸡柳","https://www.flickr.com/photos/79721788@N00/40693892792","D-Stanley","BY 2.0","https://creativecommons.org/licenses/by/2.0/","https://api.openverse.org/v1/images/758e90d4-5c53-4fb9-acd7-0e8847aaa31c/thumb/","dish-194.jpg"
"DISH_195","双皮奶","https://www.flickr.com/photos/9017514@N05/3423112618","West Zest","BY-SA 2.0","https://creativecommons.org/licenses/by-sa/2.0/","https://api.openverse.org/v1/images/add782ef-1e28-46f3-8d68-09e7dbd7e066/thumb/","dish-195.jpg"
"DISH_196","杨枝甘露","https://commons.wikimedia.org/wiki/File%3AMango_pomelo_sago.jpg","relgar","CC BY 2.0","https://creativecommons.org/licenses/by/2.0","https://upload.wikimedia.org/wikipedia/commons/thumb/2/23/Mango_pomelo_sago.jpg/960px-Mango_pomelo_sago.jpg","dish-196.jpg"
"DISH_197","陈皮红豆沙","https://www.flickr.com/photos/71136117@N00/2508146881","chumsdock","BY-SA 2.0","https://creativecommons.org/licenses/by-sa/2.0/","https://api.openverse.org/v1/images/c8a8a6d3-e1bf-4bde-8856-904b1fcc5a49/thumb/","dish-197.jpg"
"DISH_198","冰糖雪梨","https://www.flickr.com/photos/40394481@N03/9677644805","zoe.wang","BY 2.0","https://creativecommons.org/licenses/by/2.0/","https://api.openverse.org/v1/images/6effdf82-07d3-4944-91a0-4a15246a968a/thumb/","dish-198.jpg"
